{"v":"5.6.10","fr":60,"ip":0,"op":360,"w":840,"h":720,"nm":"section-1","ddd":0,"assets":[{"id":"image_0","w":445,"h":439,"u":"images/","p":"donut-labels.png","e":0},{"id":"image_1","w":344,"h":344,"u":"images/","p":"donut-chart.png","e":0},{"id":"image_2","w":320,"h":668,"u":"images/","p":"phone-screen.png","e":0},{"id":"image_3","w":1176,"h":834,"u":"images/","p":"wood-phone-bg.jpg","e":0},{"id":"image_4","w":846,"h":600,"u":"images/","p":"woman-with-bike-wheel.jpg","e":0}],"layers":[{"ddd":0,"ind":1,"ty":2,"nm":"donut-labels.png","cl":"png","refId":"image_0","sr":1,"ks":{"o":{"a":1,"k":[{"i":{"x":[0.667],"y":[1]},"o":{"x":[0.333],"y":[0]},"t":120,"s":[0]},{"i":{"x":[0.667],"y":[1]},"o":{"x":[0.333],"y":[0]},"t":240,"s":[100]},{"t":360,"s":[0]}]},"p":{"a":1,"k":[{"i":{"x":0.667,"y":1},"o":{"x":0.333,"y":0},"t":240,"s":[288,345,0],"to":[13.333,0,0],"ti":[-13.333,0,0]},{"t":360,"s":[368,345,0]}]},"a":{"a":0,"k":[222.5,219.5,0]},"s":{"a":0,"k":[94.157,94.157,100]}},"ao":0,"ip":120,"op":360,"st":0,"bm":0},{"ddd":0,"ind":2,"ty":2,"nm":"donut-chart.png","cl":"png","refId":"image_1","sr":1,"ks":{"o":{"a":1,"k":[{"i":{"x":[0.667],"y":[1]},"o":{"x":[0.333],"y":[0]},"t":0,"s":[0]},{"i":{"x":[0.833],"y":[1]},"o":{"x":[0.333],"y":[0]},"t":120,"s":[100]},{"i":{"x":[0.833],"y":[1]},"o":{"x":[0.167],"y":[0]},"t":332,"s":[100]},{"t":359,"s":[0]}]},"r":{"a":1,"k":[{"i":{"x":[0.667],"y":[1]},"o":{"x":[0.333],"y":[0]},"t":120,"s":[0]},{"i":{"x":[0.833],"y":[1]},"o":{"x":[0.333],"y":[0]},"t":240,"s":[20]},{"t":359,"s":[-47]}]},"p":{"a":1,"k":[{"i":{"x":0.667,"y":1},"o":{"x":0.333,"y":0},"t":0,"s":[251,375,0],"to":[2.833,-5.667,0],"ti":[-2.833,5.667,0]},{"i":{"x":0.667,"y":0.667},"o":{"x":0.333,"y":0.333},"t":120,"s":[268,341,0],"to":[0,0,0],"ti":[0,0,0]},{"i":{"x":0.667,"y":1},"o":{"x":0.333,"y":0},"t":240,"s":[268,341,0],"to":[18.833,-17.167,0],"ti":[-18.833,17.167,0]},{"t":359,"s":[381,238,0]}]},"a":{"a":0,"k":[172,172,0]},"s":{"a":1,"k":[{"i":{"x":[0.667,0.667,0.667],"y":[1,1,1]},"o":{"x":[0.333,0.333,0.333],"y":[0,0,0]},"t":0,"s":[10,10,100]},{"i":{"x":[0.833,0.833,0.833],"y":[1,1,1]},"o":{"x":[0.333,0.333,0.333],"y":[0,0,0]},"t":120,"s":[100,100,100]},{"i":{"x":[0.833,0.833,0.833],"y":[1,1,1]},"o":{"x":[0.167,0.167,0.167],"y":[0,0,0]},"t":240,"s":[100,100,100]},{"t":359,"s":[30,30,100]}]}},"ao":0,"ip":0,"op":360,"st":0,"bm":0},{"ddd":0,"ind":3,"ty":2,"nm":"phone-screen.png","cl":"png","parent":5,"refId":"image_2","sr":1,"ks":{"r":{"a":0,"k":-3.84},"p":{"a":0,"k":[574.027,406.753,0]},"a":{"a":0,"k":[160,334,0]},"s":{"a":0,"k":[74.525,74.525,100]}},"ao":0,"ip":0,"op":360,"st":0,"bm":0},{"ddd":0,"ind":4,"ty":4,"nm":"Shape Layer 1","td":1,"sr":1,"ks":{"p":{"a":1,"k":[{"i":{"x":0.667,"y":1},"o":{"x":0.333,"y":0},"t":120,"s":[667,360,0],"to":[-41.167,0,0],"ti":[122,71.333,0]},{"i":{"x":0.667,"y":0.986},"o":{"x":0.333,"y":0},"t":240,"s":[420,360,0],"to":[-121.949,-71.304,0],"ti":[47.035,71.482,0]},{"t":359,"s":[15.059,-102.911,0]}]},"s":{"a":1,"k":[{"i":{"x":[0.667,0.667,0.667],"y":[1,1,1]},"o":{"x":[0.333,0.333,0.333],"y":[0,0,0]},"t":240,"s":[165.465,165.465,100]},{"t":359,"s":[216.162,216.162,100]}]}},"ao":0,"shapes":[{"ty":"gr","it":[{"ty":"rc","d":1,"s":{"a":0,"k":[428.594,298.223]},"p":{"a":0,"k":[0,0]},"r":{"a":0,"k":0},"nm":"Rectangle Path 1","hd":false},{"ty":"fl","c":{"a":0,"k":[1,0,0,1]},"o":{"a":0,"k":100},"r":1,"bm":0,"nm":"Fill 1","hd":false},{"ty":"tr","p":{"a":0,"k":[204.297,196.111]},"a":{"a":0,"k":[0,0]},"s":{"a":0,"k":[100,100]},"r":{"a":0,"k":0},"o":{"a":0,"k":100},"sk":{"a":0,"k":0},"sa":{"a":0,"k":0},"nm":"Transform"}],"nm":"Rectangle 1","bm":0,"hd":false}],"ip":0,"op":360,"st":0,"bm":0},{"ddd":0,"ind":5,"ty":2,"nm":"wood-phone-bg.jpg","cl":"jpg","tt":1,"refId":"image_3","sr":1,"ks":{"p":{"a":1,"k":[{"i":{"x":0.667,"y":1},"o":{"x":0.333,"y":0},"t":120,"s":[828,573,0],"to":[-31.333,1,0],"ti":[62.5,42.5,0]},{"i":{"x":0.667,"y":1},"o":{"x":0.333,"y":0},"t":240,"s":[640,579,0],"to":[-62.5,-42.5,0],"ti":[31.167,43.5,0]},{"t":359,"s":[453,318,0]}]},"a":{"a":0,"k":[588,417,0]},"s":{"a":1,"k":[{"i":{"x":[0.667,0.667,0.667],"y":[1,1,1]},"o":{"x":[0.333,0.333,0.333],"y":[0,0,0]},"t":120,"s":[0,0,100]},{"i":{"x":[0.667,0.667,0.667],"y":[1,1,1]},"o":{"x":[0.333,0.333,0.333],"y":[0,0,0]},"t":240,"s":[42.926,42.926,100]},{"t":359,"s":[107.347,107.347,100]}]}},"ao":0,"ip":0,"op":360,"st":0,"bm":0},{"ddd":0,"ind":6,"ty":2,"nm":"woman-with-bike-wheel.jpg","cl":"jpg","refId":"image_4","sr":1,"ks":{"p":{"a":1,"k":[{"i":{"x":0.667,"y":1},"o":{"x":0.333,"y":0},"t":0,"s":[419,329,0],"to":[0,-4.833,0],"ti":[-15.833,26.167,0]},{"i":{"x":0.667,"y":1},"o":{"x":0.333,"y":0},"t":120,"s":[419,300,0],"to":[15.833,-26.167,0],"ti":[-15.833,-2,0]},{"i":{"x":0.667,"y":1},"o":{"x":0.333,"y":0},"t":240,"s":[514,172,0],"to":[15.833,2,0],"ti":[0,-23.333,0]},{"t":360,"s":[514,312,0]}]},"a":{"a":0,"k":[423,300,0]},"s":{"a":1,"k":[{"i":{"x":[0.667,0.667,0.667],"y":[1,1,1]},"o":{"x":[0.333,0.333,0.333],"y":[0,0,0]},"t":0,"s":[110,110,100]},{"i":{"x":[0.667,0.667,0.667],"y":[1,1,1]},"o":{"x":[0.333,0.333,0.333],"y":[0,0,0]},"t":120,"s":[100,100,100]},{"t":240,"s":[51.064,51.064,100]}]}},"ao":0,"ip":0,"op":360,"st":0,"bm":0}],"markers":[]}